-- phpMyAdmin SQL Dump
-- version 4.7.5
-- https://www.phpmyadmin.net/
--
-- Host: localhost
-- Generation Time: Dec 10, 2018 at 03:02 PM
-- Server version: 10.1.36-MariaDB
-- PHP Version: 7.0.32

SET SQL_MODE = "NO_AUTO_VALUE_ON_ZERO";
SET AUTOCOMMIT = 0;
START TRANSACTION;
SET time_zone = "+00:00";


/*!40101 SET @OLD_CHARACTER_SET_CLIENT=@@CHARACTER_SET_CLIENT */;
/*!40101 SET @OLD_CHARACTER_SET_RESULTS=@@CHARACTER_SET_RESULTS */;
/*!40101 SET @OLD_COLLATION_CONNECTION=@@COLLATION_CONNECTION */;
/*!40101 SET NAMES utf8mb4 */;

--
-- Database: `rkyle06`
--

-- --------------------------------------------------------

--
-- Table structure for table `AccountHolder`
--

CREATE TABLE `AccountHolder` (
  `AccountHolderID` int(11) NOT NULL,
  `TitleID` int(11) NOT NULL,
  `FirstName` varchar(255) NOT NULL,
  `LastName` varchar(255) NOT NULL,
  `AddressID` int(11) NOT NULL,
  `ContactNumber` varchar(11) NOT NULL,
  `Email` varchar(255) NOT NULL,
  `Password` binary(255) NOT NULL
) ENGINE=InnoDB DEFAULT CHARSET=latin1;

--
-- Dumping data for table `AccountHolder`
--

INSERT INTO `AccountHolder` (`AccountHolderID`, `TitleID`, `FirstName`, `LastName`, `AddressID`, `ContactNumber`, `Email`, `Password`) VALUES
(4, 5, 'Stephen', 'Strange', 14, '20125456322', 'drstrange@marvel.net', 0x54d00fbf3c0991479fe8584867818bc10000000000000000000000000000000000000000000000000000000000000000000000000000000000000000000000000000000000000000000000000000000000000000000000000000000000000000000000000000000000000000000000000000000000000000000000000000000000000000000000000000000000000000000000000000000000000000000000000000000000000000000000000000000000000000000000000000000000000000000000000000000000000000000000000000000000000000000000000000000000000000000000000000000000000000000000000000000000000000000000),
(5, 1, 'Diego ', 'de la Vega', 11, '18635733541', 'zorro@mask.net', 0x6ce1b467c0860d17827ca10eeb7277500000000000000000000000000000000000000000000000000000000000000000000000000000000000000000000000000000000000000000000000000000000000000000000000000000000000000000000000000000000000000000000000000000000000000000000000000000000000000000000000000000000000000000000000000000000000000000000000000000000000000000000000000000000000000000000000000000000000000000000000000000000000000000000000000000000000000000000000000000000000000000000000000000000000000000000000000000000000000000000000),
(6, 1, 'Peter', 'Parker', 17, '02812146511', 'spidey@sense.net', 0x65750b1f9ed1f4018cce59885fcb625c0000000000000000000000000000000000000000000000000000000000000000000000000000000000000000000000000000000000000000000000000000000000000000000000000000000000000000000000000000000000000000000000000000000000000000000000000000000000000000000000000000000000000000000000000000000000000000000000000000000000000000000000000000000000000000000000000000000000000000000000000000000000000000000000000000000000000000000000000000000000000000000000000000000000000000000000000000000000000000000000),
(7, 2, 'Deanna', 'Troi', 12, '01612546521', 'final@frontier.com', 0x65750b1f9ed1f4018cce59885fcb625c0000000000000000000000000000000000000000000000000000000000000000000000000000000000000000000000000000000000000000000000000000000000000000000000000000000000000000000000000000000000000000000000000000000000000000000000000000000000000000000000000000000000000000000000000000000000000000000000000000000000000000000000000000000000000000000000000000000000000000000000000000000000000000000000000000000000000000000000000000000000000000000000000000000000000000000000000000000000000000000000),
(8, 3, 'Jean', 'Grey-Summers', 5, '01654986215', 'jean@xavierinstitute.ac.uk', 0x22307a4db2443a89b44574a38ebb06e60000000000000000000000000000000000000000000000000000000000000000000000000000000000000000000000000000000000000000000000000000000000000000000000000000000000000000000000000000000000000000000000000000000000000000000000000000000000000000000000000000000000000000000000000000000000000000000000000000000000000000000000000000000000000000000000000000000000000000000000000000000000000000000000000000000000000000000000000000000000000000000000000000000000000000000000000000000000000000000000),
(21, 1, 'Matthew', 'Murdock', 15, '45678987654', 'matthew@nelsonandmurdock.com', 0x705f8604fee2c536b7ac733bce33c2bf0000000000000000000000000000000000000000000000000000000000000000000000000000000000000000000000000000000000000000000000000000000000000000000000000000000000000000000000000000000000000000000000000000000000000000000000000000000000000000000000000000000000000000000000000000000000000000000000000000000000000000000000000000000000000000000000000000000000000000000000000000000000000000000000000000000000000000000000000000000000000000000000000000000000000000000000000000000000000000000000);

-- --------------------------------------------------------

--
-- Table structure for table `Address`
--

CREATE TABLE `Address` (
  `AddressID` int(11) NOT NULL,
  `AddressLine1` varchar(255) NOT NULL,
  `AddressLine2` varchar(255) DEFAULT NULL,
  `City/Town` varchar(255) NOT NULL,
  `Postcode/ZIP` varchar(255) NOT NULL,
  `County/State` varchar(255) DEFAULT NULL,
  `Country` varchar(255) NOT NULL
) ENGINE=InnoDB DEFAULT CHARSET=latin1;

--
-- Dumping data for table `Address`
--

INSERT INTO `Address` (`AddressID`, `AddressLine1`, `AddressLine2`, `City/Town`, `Postcode/ZIP`, `County/State`, `Country`) VALUES
(3, '38 Ballygowan Road', NULL, 'Belfast', 'BT5 7LH', 'Antrim', 'United Kingdom'),
(4, '29 Market Street', NULL, 'Lisburn', 'BT28 5TD', 'Antrim', 'United Kingdom'),
(5, '23 Victoria Mill', 'Holdsworth Street', 'Stockport', 'SK5 7DL', 'Cheshire', 'United Kingdom'),
(6, '38 Crown Street', NULL, 'London', 'W1U 0HW', 'Kensington', 'United Kingdom'),
(7, '19 Via Di Milo', NULL, 'Rome', '43199', 'Lazio', 'Italy'),
(8, '9 Rue du Grand Pin', NULL, 'Nice', '06100', 'Alpes-Côte d\'Azur', 'France'),
(9, '16 Rue Samuel-Constant', NULL, 'Geneva', '1211', NULL, 'Switzerland'),
(10, '28 Sachsenweg', NULL, 'Hamburg', '20095', NULL, 'Germany'),
(11, '19 Calle Totana', NULL, 'Madrid', '28001', 'Madrid', 'Spain'),
(12, '21 Granby Row', NULL, 'Manchester', 'M60 7LH', 'Cheshire', 'United Kingdom'),
(13, '31 Arcadia Avenue', NULL, 'Lisburn', 'BT28 1KD', 'Antrim', 'United Kingdom'),
(14, '28 Bloomsbury Square', NULL, 'London', 'WC2N 5DU', 'Finsbury', 'United Kingdom'),
(15, '16 Elimaenakatu', NULL, 'Helsinki', '00170', 'Uusimaa', 'Finland'),
(16, '47 Harrowgate Road', NULL, 'Leeds', 'LS1 5KW', 'Yorkshire', 'United Kingdom'),
(17, '17 Wellington Park Mews', NULL, 'Maghaberry', 'BT67 0KQ', 'Antrim', 'United Kingdom');

-- --------------------------------------------------------

--
-- Table structure for table `Age`
--

CREATE TABLE `Age` (
  `AgeID` int(11) NOT NULL,
  `AgeCategory` varchar(255) NOT NULL
) ENGINE=InnoDB DEFAULT CHARSET=latin1;

--
-- Dumping data for table `Age`
--

INSERT INTO `Age` (`AgeID`, `AgeCategory`) VALUES
(1, 'Adult (18+)'),
(2, 'Adult (17)'),
(3, 'Adult (16)'),
(4, 'Child (2-15)'),
(5, 'Infant (<2)');

-- --------------------------------------------------------

--
-- Table structure for table `Aircraft`
--

CREATE TABLE `Aircraft` (
  `AircraftID` int(11) NOT NULL,
  `AircraftModel` varchar(255) NOT NULL
) ENGINE=InnoDB DEFAULT CHARSET=latin1;

--
-- Dumping data for table `Aircraft`
--

INSERT INTO `Aircraft` (`AircraftID`, `AircraftModel`) VALUES
(1, 'A319-100'),
(2, 'A319-100'),
(3, 'A319-100'),
(4, 'A319-100'),
(5, 'A319-100'),
(6, 'A319-100'),
(7, 'A319-100'),
(8, 'A319-100'),
(9, 'A319-100'),
(10, 'A319-100'),
(11, 'A319-100'),
(12, 'A319-100'),
(13, 'A319-100'),
(14, 'A319-100'),
(15, 'A319-100'),
(16, 'A319-100'),
(17, 'A319-100'),
(18, 'A319-100'),
(19, 'A319-100'),
(20, 'A319-100'),
(21, 'A320-200'),
(22, 'A320-200'),
(23, 'A320-200'),
(24, 'A320neo'),
(25, 'A321neo');

-- --------------------------------------------------------

--
-- Table structure for table `AircraftManufacturer`
--

CREATE TABLE `AircraftManufacturer` (
  `ManfacturerID` int(11) NOT NULL,
  `ManufacturerName` varchar(255) NOT NULL
) ENGINE=InnoDB DEFAULT CHARSET=latin1;

--
-- Dumping data for table `AircraftManufacturer`
--

INSERT INTO `AircraftManufacturer` (`ManfacturerID`, `ManufacturerName`) VALUES
(1, 'Airbus');

-- --------------------------------------------------------

--
-- Table structure for table `AircraftModel`
--

CREATE TABLE `AircraftModel` (
  `AircraftModelID` varchar(255) NOT NULL,
  `AircraftManufacturer` int(11) NOT NULL,
  `SeatConfiguration` int(11) NOT NULL
) ENGINE=InnoDB DEFAULT CHARSET=latin1;

--
-- Dumping data for table `AircraftModel`
--

INSERT INTO `AircraftModel` (`AircraftModelID`, `AircraftManufacturer`, `SeatConfiguration`) VALUES
('A319-100', 1, 1),
('A320-200', 1, 2),
('A320neo', 1, 2),
('A321neo', 1, 3);

-- --------------------------------------------------------

--
-- Table structure for table `Airport`
--

CREATE TABLE `Airport` (
  `AirportID` varchar(3) NOT NULL,
  `AirportName` varchar(255) NOT NULL,
  `AirportCity` int(11) NOT NULL,
  `AirportCountry` int(11) NOT NULL
) ENGINE=InnoDB DEFAULT CHARSET=latin1;

--
-- Dumping data for table `Airport`
--

INSERT INTO `Airport` (`AirportID`, `AirportName`, `AirportCity`, `AirportCountry`) VALUES
('AGA', 'Agadir-Al Massira Airport', 20, 14),
('ALC', 'Alicante-Elche Airport', 15, 12),
('ATH', 'Athens International Airport', 7, 6),
('AYT', 'Antalya', 19, 13),
('BCN', 'Barcelona–El Prat Airport', 17, 11),
('BFS', 'Belfast International Airport', 9, 7),
('BRU', 'Brussels Airport', 2, 2),
('CDG', 'Charles de Gaulle Airport', 4, 4),
('FCO', 'Leonardo da Vinci-Fiumicino Airport', 13, 9),
('GVA', 'Geneva Airport', 18, 12),
('HEL', 'Helsinki Airport', 3, 3),
('KEF', 'Keflavík International Airport', 11, 8),
('LGW', 'London Gatwick Airport', 8, 7),
('LIS', 'Lisbon Portela Airport', 14, 10),
('MAD', 'Adolfo Suárez Madrid–Barajas Airport', 16, 11),
('MAN', 'Manchester Airport', 10, 7),
('MUC', 'Munich Airport', 5, 5),
('MXP', 'Milan-Malpensa Airprot', 12, 9),
('SXF', 'Berlin Schönefeld Airport', 6, 5),
('VIE', 'Vienna International Airport', 1, 15);

-- --------------------------------------------------------

--
-- Table structure for table `Baggage`
--

CREATE TABLE `Baggage` (
  `BaggageID` int(11) NOT NULL,
  `BookingID` int(11) NOT NULL,
  `BaggageTypeID` int(11) NOT NULL
) ENGINE=InnoDB DEFAULT CHARSET=latin1;

--
-- Dumping data for table `Baggage`
--

INSERT INTO `Baggage` (`BaggageID`, `BookingID`, `BaggageTypeID`) VALUES
(3, 1, 1),
(4, 1, 8),
(7, 3, 1),
(8, 3, 1),
(9, 5, 1),
(10, 5, 2),
(11, 6, 1),
(12, 7, 3),
(13, 8, 3),
(14, 8, 12),
(41, 9, 1),
(42, 9, 1),
(43, 10, 1),
(44, 10, 1);

-- --------------------------------------------------------

--
-- Table structure for table `BaggageType`
--

CREATE TABLE `BaggageType` (
  `BaggageTypeID` int(11) NOT NULL,
  `BaggageDescription` varchar(255) NOT NULL,
  `BaggageCost` varchar(255) NOT NULL
) ENGINE=InnoDB DEFAULT CHARSET=latin1;

--
-- Dumping data for table `BaggageType`
--

INSERT INTO `BaggageType` (`BaggageTypeID`, `BaggageDescription`, `BaggageCost`) VALUES
(1, '15kg Hold', '13.99'),
(2, '23kg Hold', '16.99'),
(3, '26kg Hold', '28.99'),
(4, 'Bicycle', '45.00'),
(5, 'Canoe', '45.00'),
(6, 'Sporting Firearm', '37.00'),
(7, 'Golf Bag', '37.00'),
(8, 'Hang Glider', '45.00'),
(9, 'Other small sports equipment', '37.00'),
(10, 'Skis and/or Boots', '37.00'),
(11, 'Snowboard', '37.00'),
(12, 'Windsurfing Board', '45.00');

-- --------------------------------------------------------

--
-- Table structure for table `Booking`
--

CREATE TABLE `Booking` (
  `BookingID` int(11) NOT NULL,
  `BookingDate` date NOT NULL,
  `AccountHolderID` int(11) NOT NULL,
  `CardID` int(11) NOT NULL
) ENGINE=InnoDB DEFAULT CHARSET=latin1;

--
-- Dumping data for table `Booking`
--

INSERT INTO `Booking` (`BookingID`, `BookingDate`, `AccountHolderID`, `CardID`) VALUES
(1, '2018-11-17', 4, 1),
(2, '2018-11-18', 7, 2),
(3, '2018-11-20', 5, 4),
(5, '2018-11-20', 6, 5),
(6, '2018-11-20', 21, 3),
(7, '2018-11-20', 7, 2),
(8, '2018-11-21', 8, 6),
(9, '2018-11-22', 21, 3),
(10, '2018-11-23', 4, 1);

-- --------------------------------------------------------

--
-- Table structure for table `BookingCostDetails`
--

CREATE TABLE `BookingCostDetails` (
  `BookingCostDetailsID` int(11) NOT NULL,
  `ItemName` varchar(255) NOT NULL,
  `ItemCost` varchar(255) NOT NULL,
  `BookingID` int(11) NOT NULL
) ENGINE=InnoDB DEFAULT CHARSET=latin1;

--
-- Dumping data for table `BookingCostDetails`
--

INSERT INTO `BookingCostDetails` (`BookingCostDetailsID`, `ItemName`, `ItemCost`, `BookingID`) VALUES
(1, 'Belfast - Manchester', '30.00', 1),
(2, '15kg Hold', '13.99', 1),
(3, 'Hang Glider', '45.00', 1),
(4, 'Belfast - Manchester', '30.00', 1),
(5, 'Manchester - Munich', '50.00', 1),
(6, 'Manchester - Munich', '50.00', 1),
(7, 'Athens -  Munich', '45.50', 2),
(8, 'Vienna - Berlin', '60.00', 3),
(9, 'Berlin - Vienna', '63.20', 3),
(10, 'Vienna - Berlin', '60.00', 3),
(11, 'Berlin - Vienna', '63.20', 3),
(12, '15kg Hold', '13.99', 3),
(13, '15kg Hold', '13.99', 3),
(18, 'Athens - Munich', '45.50', 5),
(19, 'Athens - Munich', '45.50', 5),
(20, 'Munich - Athens', '40.45', 5),
(21, 'Munich - Athens', '40.45', 5),
(22, '15kg Hold', '13.99', 5),
(23, '23kg Hold', '16.99', 5),
(24, 'Munich - Athens', '40.45', 6),
(25, '15kg Hold', '13.99', 6),
(26, 'Paris - Milan', '54.15', 7),
(27, '26kg Hold', '28.99', 7),
(28, 'Geneva - Agadir', '45.50', 8),
(29, 'Agadir - Geneva', '50.15', 8),
(30, '26kg Hold', '28.99', 8),
(31, 'Windsurfing Board', '45.00', 8),
(32, '26kg Hold', '28.99', 8),
(33, 'Windsurfing Board', '45.00', 8),
(34, 'Geneva - Agadir', '45.50', 9),
(35, 'Agadir - Geneva', '50.15', 9),
(36, '15kg Hold', '13.99', 9),
(37, 'Geneva - Agadir', '45.50', 10),
(38, 'Agadir - Geneva', '50.15', 10),
(39, '15kg Hold', '13.99', 10),
(40, '15kg Hold', '13.99', 10);

-- --------------------------------------------------------

--
-- Table structure for table `Card`
--

CREATE TABLE `Card` (
  `CardID` int(11) NOT NULL,
  `AccountHolderID` int(11) NOT NULL,
  `CardTypeID` int(11) NOT NULL,
  `NameOnCard` varchar(255) NOT NULL,
  `CardNumber` binary(255) NOT NULL,
  `SecurityCode` binary(255) NOT NULL,
  `ExpiryDate` date NOT NULL,
  `AddressID` int(11) NOT NULL
) ENGINE=InnoDB DEFAULT CHARSET=latin1;

--
-- Dumping data for table `Card`
--

INSERT INTO `Card` (`CardID`, `AccountHolderID`, `CardTypeID`, `NameOnCard`, `CardNumber`, `SecurityCode`, `ExpiryDate`, `AddressID`) VALUES
(1, 4, 1, 'Stephen Strange', 0x8d25e4479cc0cc2e8c1d46d248b3b989c6b4234e1d0709c945113e4f2a9607f700000000000000000000000000000000000000000000000000000000000000000000000000000000000000000000000000000000000000000000000000000000000000000000000000000000000000000000000000000000000000000000000000000000000000000000000000000000000000000000000000000000000000000000000000000000000000000000000000000000000000000000000000000000000000000000000000000000000000000000000000000000000000000000000000000000000000000000000000000000000000000000000000000000000000, 0xa1f1077ab296b737ee59129177c37c590000000000000000000000000000000000000000000000000000000000000000000000000000000000000000000000000000000000000000000000000000000000000000000000000000000000000000000000000000000000000000000000000000000000000000000000000000000000000000000000000000000000000000000000000000000000000000000000000000000000000000000000000000000000000000000000000000000000000000000000000000000000000000000000000000000000000000000000000000000000000000000000000000000000000000000000000000000000000000000000, '2019-04-05', 14),
(2, 7, 3, 'Deanna Troi', 0x23bbf6b0bf65faebdb4a87204b1bf2c1c6b4234e1d0709c945113e4f2a9607f700000000000000000000000000000000000000000000000000000000000000000000000000000000000000000000000000000000000000000000000000000000000000000000000000000000000000000000000000000000000000000000000000000000000000000000000000000000000000000000000000000000000000000000000000000000000000000000000000000000000000000000000000000000000000000000000000000000000000000000000000000000000000000000000000000000000000000000000000000000000000000000000000000000000000, 0x7d309d02f5e63dcd1c5acf20633957d10000000000000000000000000000000000000000000000000000000000000000000000000000000000000000000000000000000000000000000000000000000000000000000000000000000000000000000000000000000000000000000000000000000000000000000000000000000000000000000000000000000000000000000000000000000000000000000000000000000000000000000000000000000000000000000000000000000000000000000000000000000000000000000000000000000000000000000000000000000000000000000000000000000000000000000000000000000000000000000000, '2020-04-10', 12),
(3, 21, 4, 'Matthew Murdock', 0x7da777d228eedf3fa3588bad973ae5e7c6b4234e1d0709c945113e4f2a9607f700000000000000000000000000000000000000000000000000000000000000000000000000000000000000000000000000000000000000000000000000000000000000000000000000000000000000000000000000000000000000000000000000000000000000000000000000000000000000000000000000000000000000000000000000000000000000000000000000000000000000000000000000000000000000000000000000000000000000000000000000000000000000000000000000000000000000000000000000000000000000000000000000000000000000, 0xe1b07eb71acab2ed1e601b36fa8808a20000000000000000000000000000000000000000000000000000000000000000000000000000000000000000000000000000000000000000000000000000000000000000000000000000000000000000000000000000000000000000000000000000000000000000000000000000000000000000000000000000000000000000000000000000000000000000000000000000000000000000000000000000000000000000000000000000000000000000000000000000000000000000000000000000000000000000000000000000000000000000000000000000000000000000000000000000000000000000000000, '2021-03-12', 15),
(4, 5, 2, 'Diego de la Vega', 0x0e5b8ffdb632782bbe51d2eef0b4629bc6b4234e1d0709c945113e4f2a9607f700000000000000000000000000000000000000000000000000000000000000000000000000000000000000000000000000000000000000000000000000000000000000000000000000000000000000000000000000000000000000000000000000000000000000000000000000000000000000000000000000000000000000000000000000000000000000000000000000000000000000000000000000000000000000000000000000000000000000000000000000000000000000000000000000000000000000000000000000000000000000000000000000000000000000, 0x04979f904d121cd574fce0bfdf463c800000000000000000000000000000000000000000000000000000000000000000000000000000000000000000000000000000000000000000000000000000000000000000000000000000000000000000000000000000000000000000000000000000000000000000000000000000000000000000000000000000000000000000000000000000000000000000000000000000000000000000000000000000000000000000000000000000000000000000000000000000000000000000000000000000000000000000000000000000000000000000000000000000000000000000000000000000000000000000000000, '2022-04-11', 11),
(5, 6, 1, 'Peter Parker', 0x56339345110611a30ab17107e79d4cadc6b4234e1d0709c945113e4f2a9607f700000000000000000000000000000000000000000000000000000000000000000000000000000000000000000000000000000000000000000000000000000000000000000000000000000000000000000000000000000000000000000000000000000000000000000000000000000000000000000000000000000000000000000000000000000000000000000000000000000000000000000000000000000000000000000000000000000000000000000000000000000000000000000000000000000000000000000000000000000000000000000000000000000000000000, 0x0cdc51a2eb01af3d8764bdf18c6802480000000000000000000000000000000000000000000000000000000000000000000000000000000000000000000000000000000000000000000000000000000000000000000000000000000000000000000000000000000000000000000000000000000000000000000000000000000000000000000000000000000000000000000000000000000000000000000000000000000000000000000000000000000000000000000000000000000000000000000000000000000000000000000000000000000000000000000000000000000000000000000000000000000000000000000000000000000000000000000000, '2020-12-14', 17),
(6, 8, 3, 'Jean Grey-Summers', 0xb6e050989b9dde8de039c8210a6c150fc6b4234e1d0709c945113e4f2a9607f700000000000000000000000000000000000000000000000000000000000000000000000000000000000000000000000000000000000000000000000000000000000000000000000000000000000000000000000000000000000000000000000000000000000000000000000000000000000000000000000000000000000000000000000000000000000000000000000000000000000000000000000000000000000000000000000000000000000000000000000000000000000000000000000000000000000000000000000000000000000000000000000000000000000000, 0x009dcf1ec5b840acceded65bfd53b7d90000000000000000000000000000000000000000000000000000000000000000000000000000000000000000000000000000000000000000000000000000000000000000000000000000000000000000000000000000000000000000000000000000000000000000000000000000000000000000000000000000000000000000000000000000000000000000000000000000000000000000000000000000000000000000000000000000000000000000000000000000000000000000000000000000000000000000000000000000000000000000000000000000000000000000000000000000000000000000000000, '2019-01-11', 5);

-- --------------------------------------------------------

--
-- Table structure for table `CardType`
--

CREATE TABLE `CardType` (
  `CardTypeID` int(11) NOT NULL,
  `CardName` varchar(255) NOT NULL
) ENGINE=InnoDB DEFAULT CHARSET=latin1;

--
-- Dumping data for table `CardType`
--

INSERT INTO `CardType` (`CardTypeID`, `CardName`) VALUES
(1, 'Visa'),
(2, 'Visa Debit'),
(3, 'MasterCard'),
(4, 'American Express');

-- --------------------------------------------------------

--
-- Table structure for table `City`
--

CREATE TABLE `City` (
  `CityID` int(11) NOT NULL,
  `CityName` varchar(255) NOT NULL
) ENGINE=InnoDB DEFAULT CHARSET=latin1;

--
-- Dumping data for table `City`
--

INSERT INTO `City` (`CityID`, `CityName`) VALUES
(1, 'Vienna'),
(2, 'Brussels'),
(3, 'Helsinki'),
(4, 'Paris'),
(5, 'Munich'),
(6, 'Berlin'),
(7, 'Athens'),
(8, 'London'),
(9, 'Belfast'),
(10, 'Manchester'),
(11, 'Reykjavik'),
(12, 'Milan'),
(13, 'Rome'),
(14, 'Lisbon'),
(15, 'Alicante'),
(16, 'Madrid'),
(17, 'Barcelona'),
(18, 'Geneva'),
(19, 'Antalya'),
(20, 'Agadir'),
(21, 'Budapest'),
(22, 'Kos'),
(23, 'Nice'),
(24, 'Copenhagen'),
(25, 'Sofia');

-- --------------------------------------------------------

--
-- Table structure for table `Country`
--

CREATE TABLE `Country` (
  `CountryID` int(11) NOT NULL,
  `CountryName` varchar(255) NOT NULL
) ENGINE=InnoDB DEFAULT CHARSET=latin1;

--
-- Dumping data for table `Country`
--

INSERT INTO `Country` (`CountryID`, `CountryName`) VALUES
(1, 'Hungary'),
(2, 'Belgium'),
(3, 'Finland'),
(4, 'France'),
(5, 'Germany'),
(6, 'Greece'),
(7, 'United Kingdom'),
(8, 'Iceland'),
(9, 'Italy'),
(10, 'Portugal'),
(11, 'Spain'),
(12, 'Switzerland'),
(13, 'Turkey'),
(14, 'Morocco'),
(15, 'Austria'),
(16, 'Denmark'),
(17, 'Bulgaria');

-- --------------------------------------------------------

--
-- Table structure for table `Flight`
--

CREATE TABLE `Flight` (
  `FlightNumber` int(11) NOT NULL,
  `RouteID` int(11) NOT NULL,
  `AircraftID` int(11) NOT NULL,
  `DepartureDate` date NOT NULL,
  `DepartureTime` time NOT NULL,
  `ArrivalDate` date NOT NULL,
  `ArrivalTime` time NOT NULL
) ENGINE=InnoDB DEFAULT CHARSET=latin1;

--
-- Dumping data for table `Flight`
--

INSERT INTO `Flight` (`FlightNumber`, `RouteID`, `AircraftID`, `DepartureDate`, `DepartureTime`, `ArrivalDate`, `ArrivalTime`) VALUES
(2, 1, 1, '2018-12-07', '11:00:00', '2018-12-07', '11:45:00'),
(3, 2, 2, '2018-12-08', '09:00:00', '2018-12-08', '09:45:00'),
(5, 3, 3, '2018-12-08', '09:05:00', '2018-12-08', '10:05:00'),
(6, 4, 4, '2018-12-08', '09:10:00', '2018-12-08', '10:10:00'),
(7, 5, 5, '2018-12-09', '09:15:00', '2018-12-09', '11:45:00'),
(8, 6, 6, '2018-12-09', '09:20:00', '2018-12-09', '11:20:00'),
(9, 7, 7, '2018-12-09', '09:25:00', '2018-12-09', '11:25:00'),
(10, 8, 8, '2018-12-09', '09:30:00', '2018-12-09', '11:30:00'),
(11, 9, 9, '2018-12-10', '09:35:00', '2018-12-10', '12:00:00'),
(12, 10, 10, '2018-12-10', '09:40:00', '2018-12-10', '12:35:00'),
(13, 11, 11, '2018-12-10', '09:45:00', '2018-12-10', '10:45:00'),
(14, 12, 12, '2018-12-11', '09:50:00', '2018-12-11', '10:50:00'),
(15, 13, 13, '2018-12-11', '09:55:00', '2018-12-11', '10:55:00'),
(16, 14, 14, '2018-12-12', '10:55:00', '2018-12-12', '11:55:00'),
(17, 15, 15, '2018-12-12', '10:58:00', '2018-12-12', '13:58:00'),
(18, 16, 16, '2018-12-12', '14:30:00', '2018-12-12', '17:30:00'),
(19, 17, 17, '2018-12-12', '15:00:00', '2018-12-12', '16:00:00'),
(20, 18, 18, '2018-12-13', '09:30:00', '2018-12-13', '11:30:00'),
(21, 19, 19, '2018-12-13', '10:00:00', '2018-12-13', '11:00:00'),
(22, 20, 20, '2018-12-13', '11:30:00', '2018-12-13', '12:30:00'),
(23, 21, 21, '2018-12-13', '11:55:00', '2018-12-13', '17:55:00'),
(24, 22, 22, '2018-12-14', '09:55:00', '2018-12-14', '15:55:00'),
(25, 23, 23, '2018-12-14', '12:40:00', '2018-12-14', '17:55:00'),
(26, 24, 24, '2018-12-14', '18:55:00', '2018-12-14', '21:55:00'),
(27, 25, 25, '2018-12-14', '19:00:00', '2018-12-14', '21:55:00'),
(28, 17, 24, '2018-12-09', '06:00:00', '2018-12-09', '09:00:00'),
(29, 12, 11, '2018-12-15', '19:30:00', '2018-12-15', '22:30:00'),
(30, 4, 13, '2019-01-06', '10:00:00', '2019-01-06', '12:30:00'),
(31, 24, 10, '2019-02-01', '13:25:00', '2019-02-01', '16:10:00');

-- --------------------------------------------------------

--
-- Table structure for table `Passenger`
--

CREATE TABLE `Passenger` (
  `PassengerID` int(11) NOT NULL,
  `BookingID` int(11) NOT NULL,
  `TitleID` int(11) NOT NULL,
  `FirstName` varchar(255) NOT NULL,
  `LastName` varchar(255) NOT NULL,
  `AgeID` int(3) NOT NULL,
  `FlightNumber` int(11) NOT NULL,
  `SeatID` int(11) NOT NULL
) ENGINE=InnoDB DEFAULT CHARSET=latin1;

--
-- Dumping data for table `Passenger`
--

INSERT INTO `Passenger` (`PassengerID`, `BookingID`, `TitleID`, `FirstName`, `LastName`, `AgeID`, `FlightNumber`, `SeatID`) VALUES
(5, 1, 5, 'Stephen', 'Strange', 1, 2, 2),
(6, 1, 1, 'Anthony', 'Stark', 1, 2, 4),
(7, 1, 5, 'Stephen', 'Strange', 1, 28, 51),
(8, 1, 1, 'Anthony', 'Stark', 1, 28, 52),
(9, 2, 2, 'Deanna', 'Troi', 1, 5, 10),
(10, 3, 1, 'Diego', 'de la Vega', 1, 13, 394),
(11, 3, 5, 'Jon', 'Osterman', 1, 13, 395),
(13, 3, 1, 'Diego', 'de la Vega', 1, 29, 41),
(14, 3, 1, 'Jon', 'Osterman', 1, 29, 42),
(17, 5, 1, 'Peter', 'Parker', 2, 5, 16),
(18, 5, 3, 'Mary-Jane', 'Parker', 2, 5, 17),
(19, 5, 1, 'Peter', 'Parker', 2, 30, 23),
(20, 5, 3, 'Mary-Jane', 'Parker', 2, 30, 24),
(21, 6, 1, 'Matthew', 'Murdock', 1, 30, 26),
(22, 7, 2, 'Deanna', 'Troi', 1, 7, 30),
(23, 7, 1, 'William', 'Riker', 1, 7, 31),
(25, 8, 3, 'Jean', 'Grey-Summers', 1, 25, 40),
(26, 8, 3, 'Jean', 'Grey-Summers', 1, 31, 39),
(43, 9, 1, 'Matthew', 'Murdock', 1, 25, 10),
(44, 9, 1, 'Matthew', 'Murdock', 1, 31, 9),
(45, 10, 5, 'Stephen', 'Strange', 1, 25, 27),
(46, 10, 5, 'Stephen', 'Strange', 1, 31, 28);

-- --------------------------------------------------------

--
-- Table structure for table `PassengerSpecialAssistance`
--

CREATE TABLE `PassengerSpecialAssistance` (
  `PassengerSpecialAssistanceID` int(11) NOT NULL,
  `PassengerID` int(11) NOT NULL,
  `SpecialAssistanceTypeID` int(11) NOT NULL
) ENGINE=InnoDB DEFAULT CHARSET=latin1;

--
-- Dumping data for table `PassengerSpecialAssistance`
--

INSERT INTO `PassengerSpecialAssistance` (`PassengerSpecialAssistanceID`, `PassengerID`, `SpecialAssistanceTypeID`) VALUES
(1, 5, 2),
(2, 7, 2),
(3, 9, 6),
(4, 10, 4),
(5, 13, 4),
(6, 21, 4),
(7, 22, 6),
(8, 43, 4),
(9, 44, 4),
(10, 45, 2),
(11, 46, 2);

-- --------------------------------------------------------

--
-- Table structure for table `Route`
--

CREATE TABLE `Route` (
  `RouteID` int(11) NOT NULL,
  `RouteName` varchar(255) NOT NULL,
  `DepartureAirport` varchar(3) NOT NULL,
  `ArrivalAirport` varchar(3) NOT NULL
) ENGINE=InnoDB DEFAULT CHARSET=latin1;

--
-- Dumping data for table `Route`
--

INSERT INTO `Route` (`RouteID`, `RouteName`, `DepartureAirport`, `ArrivalAirport`) VALUES
(1, 'Belfast - Manchester', 'BFS', 'MAN'),
(2, 'Manchester - Belfast', 'MAN', 'BFS'),
(3, 'Athens - Munich', 'ATH', 'MUC'),
(4, 'Munich - Athens', 'MUC', 'ATH'),
(5, 'Paris - Milan', 'CDG', 'MXP'),
(6, 'Milan - Paris', 'MXP', 'CDG'),
(7, 'Rome - Geneva', 'FCO', 'GVA'),
(8, 'Geneva - Rome', 'GVA', 'FCO'),
(9, 'London - Lisbon', 'LGW', 'LIS'),
(10, 'Lisbon - London', 'LIS', 'LGW'),
(11, 'Vienna - Berlin', 'VIE', 'SXF'),
(12, 'Berlin - Vienna', 'SXF', 'VIE'),
(13, 'Helsinki - Brussels', 'HEL', 'BRU'),
(14, 'Brussels - Helsinki', 'BRU', 'HEL'),
(15, 'Athens - Madrid', 'ATH', 'MAD'),
(16, 'Madrid - Athens', 'MAD', 'ATH'),
(17, 'Manchester - Munich', 'MAN', 'MUC'),
(18, 'Munich - Manchester', 'MAN', 'MUC'),
(19, 'Berlin - Vienna', 'SXF', 'VIE'),
(20, 'Vienna - Berlin', 'VIE', 'SXF'),
(21, 'Antalya - Alicante', 'AYT', 'ALC'),
(22, 'Alicante - Antalya', 'ALC', 'AYT'),
(23, 'Geneva - Agadir', 'GVA', 'AGA'),
(24, 'Agadir - Geneva', 'AGA', 'GVA'),
(25, 'Barcelona - Belfast', 'BCN', 'BFS');

-- --------------------------------------------------------

--
-- Table structure for table `RouteCost`
--

CREATE TABLE `RouteCost` (
  `RouteCostID` int(11) NOT NULL,
  `RouteID` int(11) NOT NULL,
  `FareCost` varchar(10) NOT NULL
) ENGINE=InnoDB DEFAULT CHARSET=latin1;

--
-- Dumping data for table `RouteCost`
--

INSERT INTO `RouteCost` (`RouteCostID`, `RouteID`, `FareCost`) VALUES
(2, 1, '30.00'),
(3, 2, '35.30'),
(4, 3, '45.50'),
(5, 4, '40.45'),
(6, 5, '54.15'),
(7, 6, '56.50'),
(8, 7, '25.32'),
(9, 8, '21.45'),
(10, 9, '30.35'),
(11, 10, '32.25'),
(12, 17, '50.00'),
(13, 11, '60.00'),
(14, 12, '63.20'),
(15, 24, '45.50'),
(16, 23, '50.15');

-- --------------------------------------------------------

--
-- Table structure for table `Seat`
--

CREATE TABLE `Seat` (
  `SeatID` int(11) NOT NULL,
  `SeatNumber` varchar(3) NOT NULL,
  `SeatType` int(11) NOT NULL,
  `AircraftModel` varchar(255) NOT NULL
) ENGINE=InnoDB DEFAULT CHARSET=latin1;

--
-- Dumping data for table `Seat`
--

INSERT INTO `Seat` (`SeatID`, `SeatNumber`, `SeatType`, `AircraftModel`) VALUES
(2, '1A', 2, 'A319-100'),
(4, '1B', 2, 'A319-100'),
(5, '1C', 2, 'A319-100'),
(6, '1D', 2, 'A319-100'),
(7, '1E', 2, 'A319-100'),
(8, '1F', 2, 'A319-100'),
(9, '2A', 3, 'A319-100'),
(10, '2B', 3, 'A319-100'),
(11, '2C', 3, 'A319-100'),
(12, '2D', 3, 'A319-100'),
(13, '2E', 3, 'A319-100'),
(14, '2F', 3, 'A319-100'),
(15, '3A', 3, 'A319-100'),
(16, '3B', 3, 'A319-100'),
(17, '3C', 3, 'A319-100'),
(18, '3D', 3, 'A319-100'),
(19, '3E', 3, 'A319-100'),
(20, '3F', 3, 'A319-100'),
(21, '4A', 3, 'A319-100'),
(22, '4B', 3, 'A319-100'),
(23, '4C', 3, 'A319-100'),
(24, '4D', 3, 'A319-100'),
(25, '4E', 3, 'A319-100'),
(26, '4F', 3, 'A319-100'),
(27, '5A', 3, 'A319-100'),
(28, '5B', 3, 'A319-100'),
(29, '5C', 3, 'A319-100'),
(30, '5D', 3, 'A319-100'),
(31, '5E', 3, 'A319-100'),
(32, '5F', 3, 'A319-100'),
(33, '6A', 1, 'A319-100'),
(34, '6B', 1, 'A319-100'),
(35, '6C', 1, 'A319-100'),
(36, '6D', 1, 'A319-100'),
(37, '6E', 1, 'A319-100'),
(38, '6F', 1, 'A319-100'),
(39, '7A', 1, 'A319-100'),
(40, '7B', 1, 'A319-100'),
(41, '7C', 1, 'A319-100'),
(42, '7D', 1, 'A319-100'),
(43, '7E', 1, 'A319-100'),
(44, '7F', 1, 'A319-100'),
(45, '8A', 1, 'A319-100'),
(46, '8B', 1, 'A319-100'),
(47, '8C', 1, 'A319-100'),
(48, '8D', 1, 'A319-100'),
(49, '8E', 1, 'A319-100'),
(50, '8F', 1, 'A319-100'),
(51, '9A', 1, 'A319-100'),
(52, '9B', 1, 'A319-100'),
(53, '9C', 1, 'A319-100'),
(54, '9D', 1, 'A319-100'),
(55, '9E', 1, 'A319-100'),
(56, '9F', 1, 'A319-100'),
(57, '10A', 3, 'A319-100'),
(58, '10B', 3, 'A319-100'),
(59, '10C', 3, 'A319-100'),
(60, '10D', 3, 'A319-100'),
(61, '10E', 3, 'A319-100'),
(62, '10F', 3, 'A319-100'),
(63, '11A', 3, 'A319-100'),
(64, '11B', 3, 'A319-100'),
(65, '11C', 3, 'A319-100'),
(66, '11D', 3, 'A319-100'),
(67, '11E', 3, 'A319-100'),
(68, '11F', 3, 'A319-100'),
(69, '12A', 1, 'A319-100'),
(70, '12B', 1, 'A319-100'),
(71, '12C', 1, 'A319-100'),
(72, '12D', 1, 'A319-100'),
(73, '12E', 1, 'A319-100'),
(74, '12F', 1, 'A319-100'),
(75, '13A', 1, 'A319-100'),
(76, '13B', 1, 'A319-100'),
(77, '13C', 1, 'A319-100'),
(78, '13D', 1, 'A319-100'),
(79, '13E', 1, 'A319-100'),
(80, '13F', 1, 'A319-100'),
(81, '14A', 1, 'A319-100'),
(82, '14B', 1, 'A319-100'),
(83, '14C', 1, 'A319-100'),
(84, '14D', 1, 'A319-100'),
(85, '14E', 1, 'A319-100'),
(86, '14F', 1, 'A319-100'),
(87, '15A', 1, 'A319-100'),
(88, '15B', 1, 'A319-100'),
(89, '15C', 1, 'A319-100'),
(90, '15D', 1, 'A319-100'),
(91, '15E', 1, 'A319-100'),
(92, '15F', 1, 'A319-100'),
(93, '16A', 1, 'A319-100'),
(94, '16B', 1, 'A319-100'),
(95, '16C', 1, 'A319-100'),
(96, '16D', 1, 'A319-100'),
(97, '16E', 1, 'A319-100'),
(98, '16F', 1, 'A319-100'),
(99, '17A', 1, 'A319-100'),
(100, '17B', 1, 'A319-100'),
(101, '17C', 1, 'A319-100'),
(102, '17D', 1, 'A319-100'),
(103, '17E', 1, 'A319-100'),
(104, '17F', 1, 'A319-100'),
(105, '18A', 1, 'A319-100'),
(106, '18B', 1, 'A319-100'),
(107, '18C', 1, 'A319-100'),
(108, '18D', 1, 'A319-100'),
(109, '18E', 1, 'A319-100'),
(110, '18F', 1, 'A319-100'),
(111, '19A', 1, 'A319-100'),
(112, '19B', 1, 'A319-100'),
(113, '19C', 1, 'A319-100'),
(114, '19D', 1, 'A319-100'),
(115, '19E', 1, 'A319-100'),
(116, '19F', 1, 'A319-100'),
(117, '20A', 1, 'A319-100'),
(118, '20B', 1, 'A319-100'),
(119, '20C', 1, 'A319-100'),
(120, '20D', 1, 'A319-100'),
(121, '20E', 1, 'A319-100'),
(122, '20F', 1, 'A319-100'),
(123, '21A', 1, 'A319-100'),
(124, '21B', 1, 'A319-100'),
(125, '21C', 1, 'A319-100'),
(126, '21D', 1, 'A319-100'),
(127, '21E', 1, 'A319-100'),
(128, '21F', 1, 'A319-100'),
(129, '22A', 1, 'A319-100'),
(130, '22B', 1, 'A319-100'),
(131, '22C', 1, 'A319-100'),
(132, '22D', 1, 'A319-100'),
(133, '22E', 1, 'A319-100'),
(134, '22F', 1, 'A319-100'),
(135, '23A', 1, 'A319-100'),
(136, '23B', 1, 'A319-100'),
(137, '23C', 1, 'A319-100'),
(138, '23D', 1, 'A319-100'),
(139, '23E', 1, 'A319-100'),
(140, '23F', 1, 'A319-100'),
(141, '24A', 1, 'A319-100'),
(142, '24B', 1, 'A319-100'),
(143, '24C', 1, 'A319-100'),
(144, '24D', 1, 'A319-100'),
(145, '24E', 1, 'A319-100'),
(146, '24F', 1, 'A319-100'),
(147, '25A', 1, 'A319-100'),
(148, '25B', 1, 'A319-100'),
(149, '25C', 1, 'A319-100'),
(150, '25D', 1, 'A319-100'),
(151, '25E', 1, 'A319-100'),
(152, '25F', 1, 'A319-100'),
(153, '26A', 1, 'A319-100'),
(154, '26B', 1, 'A319-100'),
(155, '26C', 1, 'A319-100'),
(156, '26D', 1, 'A319-100'),
(157, '26E', 1, 'A319-100'),
(158, '26F', 1, 'A319-100'),
(159, '1A', 3, 'A320-200'),
(160, '1B', 3, 'A320-200'),
(161, '1C', 3, 'A320-200'),
(162, '1D', 3, 'A320-200'),
(163, '1E', 3, 'A320-200'),
(164, '1F', 3, 'A320-200'),
(165, '2A', 3, 'A320-200'),
(166, '2B', 3, 'A320-200'),
(167, '2C', 3, 'A320-200'),
(168, '2D', 3, 'A320-200'),
(169, '2E', 3, 'A320-200'),
(170, '2F', 3, 'A320-200'),
(171, '3A', 3, 'A320-200'),
(172, '3B', 3, 'A320-200'),
(173, '3C', 3, 'A320-200'),
(174, '3D', 3, 'A320-200'),
(175, '3E', 3, 'A320-200'),
(176, '3F', 3, 'A320-200'),
(177, '4A', 3, 'A320-200'),
(178, '4B', 3, 'A320-200'),
(179, '4C', 3, 'A320-200'),
(180, '4D', 3, 'A320-200'),
(181, '4E', 3, 'A320-200'),
(182, '4F', 3, 'A320-200'),
(183, '5A', 3, 'A320-200'),
(184, '5B', 3, 'A320-200'),
(185, '5C', 3, 'A320-200'),
(186, '5D', 3, 'A320-200'),
(187, '5E', 3, 'A320-200'),
(188, '5F', 3, 'A320-200'),
(189, '6A', 1, 'A320-200'),
(190, '6B', 1, 'A320-200'),
(191, '6C', 1, 'A320-200'),
(192, '6D', 1, 'A320-200'),
(193, '6E', 1, 'A320-200'),
(194, '6F', 1, 'A320-200'),
(195, '7A', 1, 'A320-200'),
(196, '7B', 1, 'A320-200'),
(197, '7C', 1, 'A320-200'),
(198, '7D', 1, 'A320-200'),
(199, '7E', 1, 'A320-200'),
(200, '7F', 1, 'A320-200'),
(201, '8A', 1, 'A320-200'),
(202, '8B', 1, 'A320-200'),
(203, '8C', 1, 'A320-200'),
(204, '8D', 1, 'A320-200'),
(205, '8E', 1, 'A320-200'),
(206, '8F', 1, 'A320-200'),
(207, '9A', 1, 'A320-200'),
(208, '9B', 1, 'A320-200'),
(209, '9C', 1, 'A320-200'),
(210, '9D', 1, 'A320-200'),
(211, '9E', 1, 'A320-200'),
(212, '9F', 1, 'A320-200'),
(213, '10A', 3, 'A320-200'),
(214, '10B', 3, 'A320-200'),
(215, '10C', 3, 'A320-200'),
(216, '10D', 3, 'A320-200'),
(217, '10E', 3, 'A320-200'),
(218, '10F', 3, 'A320-200'),
(219, '11A', 3, 'A320-200'),
(220, '11B', 3, 'A320-200'),
(221, '11C', 3, 'A320-200'),
(222, '11D', 3, 'A320-200'),
(223, '11E', 3, 'A320-200'),
(224, '11F', 3, 'A320-200'),
(225, '12A', 1, 'A320-200'),
(226, '12B', 1, 'A320-200'),
(227, '12C', 1, 'A320-200'),
(228, '12D', 1, 'A320-200'),
(229, '12E', 1, 'A320-200'),
(230, '12F', 1, 'A320-200'),
(231, '13A', 1, 'A320-200'),
(232, '13B', 1, 'A320-200'),
(233, '13C', 1, 'A320-200'),
(234, '13D', 1, 'A320-200'),
(235, '13E', 1, 'A320-200'),
(236, '13F', 1, 'A320-200'),
(237, '14A', 1, 'A320-200'),
(238, '14B', 1, 'A320-200'),
(239, '14C', 1, 'A320-200'),
(240, '14D', 1, 'A320-200'),
(241, '14E', 1, 'A320-200'),
(242, '14F', 1, 'A320-200'),
(243, '15A', 1, 'A320-200'),
(244, '15B', 1, 'A320-200'),
(245, '15C', 1, 'A320-200'),
(246, '15D', 1, 'A320-200'),
(247, '15E', 1, 'A320-200'),
(248, '15F', 1, 'A320-200'),
(249, '16A', 1, 'A320-200'),
(250, '16B', 1, 'A320-200'),
(251, '16C', 1, 'A320-200'),
(252, '16D', 1, 'A320-200'),
(253, '16E', 1, 'A320-200'),
(254, '16F', 1, 'A320-200'),
(255, '17A', 1, 'A320-200'),
(256, '17B', 1, 'A320-200'),
(257, '17C', 1, 'A320-200'),
(258, '17D', 1, 'A320-200'),
(259, '17E', 1, 'A320-200'),
(260, '17F', 1, 'A320-200'),
(261, '18A', 1, 'A320-200'),
(262, '18B', 1, 'A320-200'),
(263, '18C', 1, 'A320-200'),
(264, '18D', 1, 'A320-200'),
(265, '18E', 1, 'A320-200'),
(266, '18F', 1, 'A320-200'),
(267, '19A', 1, 'A320-200'),
(268, '19B', 1, 'A320-200'),
(269, '19C', 1, 'A320-200'),
(270, '19D', 1, 'A320-200'),
(271, '19E', 1, 'A320-200'),
(272, '19F', 1, 'A320-200'),
(273, '20A', 1, 'A320-200'),
(274, '20B', 1, 'A320-200'),
(275, '20C', 1, 'A320-200'),
(276, '20D', 1, 'A320-200'),
(277, '20E', 1, 'A320-200'),
(278, '20F', 1, 'A320-200'),
(279, '21A', 1, 'A320-200'),
(280, '21B', 1, 'A320-200'),
(281, '21C', 1, 'A320-200'),
(282, '21D', 1, 'A320-200'),
(283, '21E', 1, 'A320-200'),
(284, '21F', 1, 'A320-200'),
(285, '22A', 1, 'A320-200'),
(286, '22B', 1, 'A320-200'),
(287, '22C', 1, 'A320-200'),
(288, '22D', 1, 'A320-200'),
(289, '22E', 1, 'A320-200'),
(290, '22F', 1, 'A320-200'),
(291, '23A', 1, 'A320-200'),
(292, '23B', 1, 'A320-200'),
(293, '23C', 1, 'A320-200'),
(294, '23D', 1, 'A320-200'),
(295, '23E', 1, 'A320-200'),
(296, '23F', 1, 'A320-200'),
(297, '24A', 1, 'A320-200'),
(298, '24B', 1, 'A320-200'),
(299, '24C', 1, 'A320-200'),
(300, '24D', 1, 'A320-200'),
(301, '24E', 1, 'A320-200'),
(302, '24F', 1, 'A320-200'),
(303, '25A', 1, 'A320-200'),
(304, '25B', 1, 'A320-200'),
(305, '25C', 1, 'A320-200'),
(306, '25D', 1, 'A320-200'),
(307, '25E', 1, 'A320-200'),
(308, '25F', 1, 'A320-200'),
(309, '26A', 1, 'A320-200'),
(310, '26B', 1, 'A320-200'),
(311, '26C', 1, 'A320-200'),
(312, '26D', 1, 'A320-200'),
(313, '26E', 1, 'A320-200'),
(314, '26F', 1, 'A320-200'),
(315, '27A', 1, 'A320-200'),
(316, '27B', 1, 'A320-200'),
(317, '27C', 1, 'A320-200'),
(318, '27D', 1, 'A320-200'),
(319, '27E', 1, 'A320-200'),
(320, '27F', 1, 'A320-200'),
(321, '28A', 1, 'A320-200'),
(322, '28B', 1, 'A320-200'),
(323, '28C', 1, 'A320-200'),
(324, '28D', 1, 'A320-200'),
(325, '28E', 1, 'A320-200'),
(326, '28F', 1, 'A320-200'),
(327, '29A', 1, 'A320-200'),
(328, '29B', 1, 'A320-200'),
(329, '29C', 1, 'A320-200'),
(330, '29D', 1, 'A320-200'),
(331, '29E', 1, 'A320-200'),
(332, '29F', 1, 'A320-200'),
(333, '30A', 1, 'A320-200'),
(334, '30B', 1, 'A320-200'),
(335, '30C', 1, 'A320-200'),
(336, '30D', 1, 'A320-200'),
(337, '30E', 1, 'A320-200'),
(338, '30F', 1, 'A320-200'),
(339, '1A', 3, 'A320neo'),
(340, '1B', 3, 'A320neo'),
(341, '1C', 3, 'A320neo'),
(342, '1D', 3, 'A320neo'),
(343, '1E', 3, 'A320neo'),
(344, '1F', 3, 'A320neo'),
(345, '2A', 3, 'A320neo'),
(346, '2B', 3, 'A320neo'),
(347, '2C', 3, 'A320neo'),
(348, '2D', 3, 'A320neo'),
(349, '2E', 3, 'A320neo'),
(350, '2F', 3, 'A320neo'),
(351, '3A', 3, 'A320neo'),
(352, '3B', 3, 'A320neo'),
(353, '3C', 3, 'A320neo'),
(354, '3D', 3, 'A320neo'),
(355, '3E', 3, 'A320neo'),
(356, '3F', 3, 'A320neo'),
(357, '4A', 3, 'A320neo'),
(358, '4B', 3, 'A320neo'),
(359, '4C', 3, 'A320neo'),
(360, '4D', 3, 'A320neo'),
(361, '4E', 3, 'A320neo'),
(362, '4F', 3, 'A320neo'),
(363, '5A', 3, 'A320neo'),
(364, '5B', 3, 'A320neo'),
(365, '5C', 3, 'A320neo'),
(366, '5D', 3, 'A320neo'),
(367, '5E', 3, 'A320neo'),
(368, '5F', 3, 'A320neo'),
(369, '6A', 1, 'A320neo'),
(370, '6B', 1, 'A320neo'),
(371, '6C', 1, 'A320neo'),
(372, '6D', 1, 'A320neo'),
(373, '6E', 1, 'A320neo'),
(374, '6F', 1, 'A320neo'),
(375, '7A', 1, 'A320neo'),
(376, '7B', 1, 'A320neo'),
(377, '7C', 1, 'A320neo'),
(378, '7D', 1, 'A320neo'),
(379, '7E', 1, 'A320neo'),
(380, '7F', 1, 'A320neo'),
(381, '8A', 1, 'A320neo'),
(382, '8B', 1, 'A320neo'),
(383, '8C', 1, 'A320neo'),
(384, '8D', 1, 'A320neo'),
(385, '8E', 1, 'A320neo'),
(386, '8F', 1, 'A320neo'),
(387, '9A', 1, 'A320neo'),
(388, '9B', 1, 'A320neo'),
(389, '9C', 1, 'A320neo'),
(390, '9D', 1, 'A320neo'),
(391, '9E', 1, 'A320neo'),
(392, '9F', 1, 'A320neo'),
(393, '10A', 3, 'A320neo'),
(394, '10B', 3, 'A320neo'),
(395, '10C', 3, 'A320neo'),
(396, '10D', 3, 'A320neo'),
(397, '10E', 3, 'A320neo'),
(398, '10F', 3, 'A320neo'),
(399, '11A', 3, 'A320neo'),
(400, '11B', 3, 'A320neo'),
(401, '11C', 3, 'A320neo'),
(402, '11D', 3, 'A320neo'),
(403, '11E', 3, 'A320neo'),
(404, '11F', 3, 'A320neo'),
(405, '12A', 1, 'A320neo'),
(406, '12B', 1, 'A320neo'),
(407, '12C', 1, 'A320neo'),
(408, '12D', 1, 'A320neo'),
(409, '12E', 1, 'A320neo'),
(410, '12F', 1, 'A320neo'),
(411, '13A', 1, 'A320neo'),
(412, '13B', 1, 'A320neo'),
(413, '13C', 1, 'A320neo'),
(414, '13D', 1, 'A320neo'),
(415, '13E', 1, 'A320neo'),
(416, '13F', 1, 'A320neo'),
(417, '14A', 1, 'A320neo'),
(418, '14B', 1, 'A320neo'),
(419, '14C', 1, 'A320neo'),
(420, '14D', 1, 'A320neo'),
(421, '14E', 1, 'A320neo'),
(422, '14F', 1, 'A320neo'),
(423, '15A', 1, 'A320neo'),
(424, '15B', 1, 'A320neo'),
(425, '15C', 1, 'A320neo'),
(426, '15D', 1, 'A320neo'),
(427, '15E', 1, 'A320neo'),
(428, '15F', 1, 'A320neo'),
(429, '16A', 1, 'A320neo'),
(430, '16B', 1, 'A320neo'),
(431, '16C', 1, 'A320neo'),
(432, '16D', 1, 'A320neo'),
(433, '16E', 1, 'A320neo'),
(434, '16F', 1, 'A320neo'),
(435, '17A', 1, 'A320neo'),
(436, '17B', 1, 'A320neo'),
(437, '17C', 1, 'A320neo'),
(438, '17D', 1, 'A320neo'),
(439, '17E', 1, 'A320neo'),
(440, '17F', 1, 'A320neo'),
(441, '18A', 1, 'A320neo'),
(442, '18B', 1, 'A320neo'),
(443, '18C', 1, 'A320neo'),
(444, '18D', 1, 'A320neo'),
(445, '18E', 1, 'A320neo'),
(446, '18F', 1, 'A320neo'),
(447, '19A', 1, 'A320neo'),
(448, '19B', 1, 'A320neo'),
(449, '19C', 1, 'A320neo'),
(450, '19D', 1, 'A320neo'),
(451, '19E', 1, 'A320neo'),
(452, '19F', 1, 'A320neo'),
(453, '20A', 1, 'A320neo'),
(454, '20B', 1, 'A320neo'),
(455, '20C', 1, 'A320neo'),
(456, '20D', 1, 'A320neo'),
(457, '20E', 1, 'A320neo'),
(458, '20F', 1, 'A320neo'),
(459, '21A', 1, 'A320neo'),
(460, '21B', 1, 'A320neo'),
(461, '21C', 1, 'A320neo'),
(462, '21D', 1, 'A320neo'),
(463, '21E', 1, 'A320neo'),
(464, '21F', 1, 'A320neo'),
(465, '22A', 1, 'A320neo'),
(466, '22B', 1, 'A320neo'),
(467, '22C', 1, 'A320neo'),
(468, '22D', 1, 'A320neo'),
(469, '22E', 1, 'A320neo'),
(470, '22F', 1, 'A320neo'),
(471, '23A', 1, 'A320neo'),
(472, '23B', 1, 'A320neo'),
(473, '23C', 1, 'A320neo'),
(474, '23D', 1, 'A320neo'),
(475, '23E', 1, 'A320neo'),
(476, '23F', 1, 'A320neo'),
(477, '24A', 1, 'A320neo'),
(478, '24B', 1, 'A320neo'),
(479, '24C', 1, 'A320neo'),
(480, '24D', 1, 'A320neo'),
(481, '24E', 1, 'A320neo'),
(482, '24F', 1, 'A320neo'),
(483, '25A', 1, 'A320neo'),
(484, '25B', 1, 'A320neo'),
(485, '25C', 1, 'A320neo'),
(486, '25D', 1, 'A320neo'),
(487, '25E', 1, 'A320neo'),
(488, '25F', 1, 'A320neo'),
(489, '26A', 1, 'A320neo'),
(490, '26B', 1, 'A320neo'),
(491, '26C', 1, 'A320neo'),
(492, '26D', 1, 'A320neo'),
(493, '26E', 1, 'A320neo'),
(494, '26F', 1, 'A320neo'),
(495, '27A', 1, 'A320neo'),
(496, '27B', 1, 'A320neo'),
(497, '27C', 1, 'A320neo'),
(498, '27D', 1, 'A320neo'),
(499, '27E', 1, 'A320neo'),
(500, '27F', 1, 'A320neo'),
(501, '28A', 1, 'A320neo'),
(502, '28B', 1, 'A320neo'),
(503, '28C', 1, 'A320neo'),
(504, '28D', 1, 'A320neo'),
(505, '28E', 1, 'A320neo'),
(506, '28F', 1, 'A320neo'),
(507, '29A', 1, 'A320neo'),
(508, '29B', 1, 'A320neo'),
(509, '29C', 1, 'A320neo'),
(510, '29D', 1, 'A320neo'),
(511, '29E', 1, 'A320neo'),
(512, '29F', 1, 'A320neo'),
(513, '30A', 1, 'A320neo'),
(514, '30B', 1, 'A320neo'),
(515, '30C', 1, 'A320neo'),
(516, '30D', 1, 'A320neo'),
(517, '30E', 1, 'A320neo'),
(518, '30F', 1, 'A320neo'),
(519, '1A', 3, 'A321neo'),
(520, '1B', 3, 'A321neo'),
(521, '1C', 3, 'A321neo'),
(522, '1D', 3, 'A321neo'),
(523, '1E', 3, 'A321neo'),
(524, '1F', 3, 'A321neo'),
(525, '2A', 3, 'A321neo'),
(526, '2B', 3, 'A321neo'),
(527, '2C', 3, 'A321neo'),
(528, '2D', 3, 'A321neo'),
(529, '2E', 3, 'A321neo'),
(530, '2F', 3, 'A321neo'),
(531, '3A', 3, 'A321neo'),
(532, '3B', 3, 'A321neo'),
(533, '3C', 3, 'A321neo'),
(534, '3D', 3, 'A321neo'),
(535, '3E', 3, 'A321neo'),
(536, '3F', 3, 'A321neo'),
(537, '4A', 3, 'A321neo'),
(538, '4B', 3, 'A321neo'),
(539, '4C', 3, 'A321neo'),
(540, '4D', 3, 'A321neo'),
(541, '4E', 3, 'A321neo'),
(542, '4F', 3, 'A321neo'),
(543, '5A', 3, 'A321neo'),
(544, '5B', 3, 'A321neo'),
(545, '5C', 3, 'A321neo'),
(546, '5D', 3, 'A321neo'),
(547, '5E', 3, 'A321neo'),
(548, '5F', 3, 'A321neo'),
(549, '6A', 1, 'A321neo'),
(550, '6B', 1, 'A321neo'),
(551, '6C', 1, 'A321neo'),
(552, '6D', 1, 'A321neo'),
(553, '6E', 1, 'A321neo'),
(554, '6F', 1, 'A321neo'),
(555, '7A', 1, 'A321neo'),
(556, '7B', 1, 'A321neo'),
(557, '7C', 1, 'A321neo'),
(558, '7D', 1, 'A321neo'),
(559, '7E', 1, 'A321neo'),
(560, '7F', 1, 'A321neo'),
(561, '8A', 1, 'A321neo'),
(562, '8B', 1, 'A321neo'),
(563, '8C', 1, 'A321neo'),
(564, '8D', 1, 'A321neo'),
(565, '8E', 1, 'A321neo'),
(566, '8F', 1, 'A321neo'),
(567, '9A', 1, 'A321neo'),
(568, '9B', 1, 'A321neo'),
(569, '9C', 1, 'A321neo'),
(570, '9D', 1, 'A321neo'),
(571, '9E', 1, 'A321neo'),
(572, '9F', 1, 'A321neo'),
(573, '10A', 3, 'A321neo'),
(574, '10B', 3, 'A321neo'),
(575, '10C', 3, 'A321neo'),
(576, '10D', 3, 'A321neo'),
(577, '10E', 3, 'A321neo'),
(578, '10F', 3, 'A321neo'),
(579, '11A', 3, 'A321neo'),
(580, '11B', 3, 'A321neo'),
(581, '11C', 3, 'A321neo'),
(582, '11D', 3, 'A321neo'),
(583, '11E', 3, 'A321neo'),
(584, '11F', 3, 'A321neo'),
(585, '12A', 1, 'A321neo'),
(586, '12B', 1, 'A321neo'),
(587, '12C', 1, 'A321neo'),
(588, '12D', 1, 'A321neo'),
(589, '12E', 1, 'A321neo'),
(590, '12F', 1, 'A321neo'),
(591, '13A', 1, 'A321neo'),
(592, '13B', 1, 'A321neo'),
(593, '13C', 1, 'A321neo'),
(594, '13D', 1, 'A321neo'),
(595, '13E', 1, 'A321neo'),
(596, '13F', 1, 'A321neo'),
(597, '14A', 1, 'A321neo'),
(598, '14B', 1, 'A321neo'),
(599, '14C', 1, 'A321neo'),
(600, '14D', 1, 'A321neo'),
(601, '14E', 1, 'A321neo'),
(602, '14F', 1, 'A321neo'),
(603, '15A', 1, 'A321neo'),
(604, '15B', 1, 'A321neo'),
(605, '15C', 1, 'A321neo'),
(606, '15D', 1, 'A321neo'),
(607, '15E', 1, 'A321neo'),
(608, '15F', 1, 'A321neo'),
(609, '16A', 1, 'A321neo'),
(610, '16B', 1, 'A321neo'),
(611, '16C', 1, 'A321neo'),
(612, '16D', 1, 'A321neo'),
(613, '16E', 1, 'A321neo'),
(614, '16F', 1, 'A321neo'),
(615, '17A', 1, 'A321neo'),
(616, '17B', 1, 'A321neo'),
(617, '17C', 1, 'A321neo'),
(618, '17D', 1, 'A321neo'),
(619, '17E', 1, 'A321neo'),
(620, '17F', 1, 'A321neo'),
(621, '18A', 1, 'A321neo'),
(622, '18B', 1, 'A321neo'),
(623, '18C', 1, 'A321neo'),
(624, '18D', 1, 'A321neo'),
(625, '18E', 1, 'A321neo'),
(626, '18F', 1, 'A321neo'),
(627, '19A', 1, 'A321neo'),
(628, '19B', 1, 'A321neo'),
(629, '19C', 1, 'A321neo'),
(630, '19D', 1, 'A321neo'),
(631, '19E', 1, 'A321neo'),
(632, '19F', 1, 'A321neo'),
(633, '20A', 1, 'A321neo'),
(634, '20B', 1, 'A321neo'),
(635, '20C', 1, 'A321neo'),
(636, '20D', 1, 'A321neo'),
(637, '20E', 1, 'A321neo'),
(638, '20F', 1, 'A321neo'),
(639, '21A', 1, 'A321neo'),
(640, '21B', 1, 'A321neo'),
(641, '21C', 1, 'A321neo'),
(642, '21D', 1, 'A321neo'),
(643, '21E', 1, 'A321neo'),
(644, '21F', 1, 'A321neo'),
(645, '22A', 1, 'A321neo'),
(646, '22B', 1, 'A321neo'),
(647, '22C', 1, 'A321neo'),
(648, '22D', 1, 'A321neo'),
(649, '22E', 1, 'A321neo'),
(650, '22F', 1, 'A321neo'),
(651, '23A', 1, 'A321neo'),
(652, '23B', 1, 'A321neo'),
(653, '23C', 1, 'A321neo'),
(654, '23D', 1, 'A321neo'),
(655, '23E', 1, 'A321neo'),
(656, '23F', 1, 'A321neo'),
(657, '24A', 1, 'A321neo'),
(658, '24B', 1, 'A321neo'),
(659, '24C', 1, 'A321neo'),
(660, '24D', 1, 'A321neo'),
(661, '24E', 1, 'A321neo'),
(662, '24F', 1, 'A321neo'),
(663, '25A', 1, 'A321neo'),
(664, '25B', 1, 'A321neo'),
(665, '25C', 1, 'A321neo'),
(666, '25D', 1, 'A321neo'),
(667, '25E', 1, 'A321neo'),
(668, '25F', 1, 'A321neo'),
(669, '26A', 1, 'A321neo'),
(670, '26B', 1, 'A321neo'),
(671, '26C', 1, 'A321neo'),
(672, '26D', 1, 'A321neo'),
(673, '26E', 1, 'A321neo'),
(674, '26F', 1, 'A321neo'),
(675, '27A', 1, 'A321neo'),
(676, '27B', 1, 'A321neo'),
(677, '27C', 1, 'A321neo'),
(678, '27D', 1, 'A321neo'),
(679, '27E', 1, 'A321neo'),
(680, '27F', 1, 'A321neo'),
(681, '28A', 1, 'A321neo'),
(682, '28B', 1, 'A321neo'),
(683, '28C', 1, 'A321neo'),
(684, '28D', 1, 'A321neo'),
(685, '28E', 1, 'A321neo'),
(686, '28F', 1, 'A321neo'),
(687, '29A', 1, 'A321neo'),
(688, '29B', 1, 'A321neo'),
(689, '29C', 1, 'A321neo'),
(690, '29D', 1, 'A321neo'),
(691, '29E', 1, 'A321neo'),
(692, '29F', 1, 'A321neo'),
(693, '30A', 1, 'A321neo'),
(694, '30B', 1, 'A321neo'),
(695, '30C', 1, 'A321neo'),
(696, '30D', 1, 'A321neo'),
(697, '30E', 1, 'A321neo'),
(698, '30F', 1, 'A321neo'),
(699, '31A', 1, 'A321neo'),
(700, '31B', 1, 'A321neo'),
(701, '31C', 1, 'A321neo'),
(702, '31D', 1, 'A321neo'),
(703, '31E', 1, 'A321neo'),
(704, '31F', 1, 'A321neo'),
(705, '32A', 1, 'A321neo'),
(706, '32B', 1, 'A321neo'),
(707, '32C', 1, 'A321neo'),
(708, '32D', 1, 'A321neo'),
(709, '32E', 1, 'A321neo'),
(710, '32F', 1, 'A321neo'),
(711, '33A', 1, 'A321neo'),
(712, '33B', 1, 'A321neo'),
(713, '33C', 1, 'A321neo'),
(714, '33D', 1, 'A321neo'),
(715, '33E', 1, 'A321neo'),
(716, '33F', 1, 'A321neo'),
(717, '34A', 1, 'A321neo'),
(718, '34B', 1, 'A321neo'),
(719, '34C', 1, 'A321neo'),
(720, '34D', 1, 'A321neo'),
(721, '34E', 1, 'A321neo'),
(722, '34F', 1, 'A321neo'),
(723, '35A', 1, 'A321neo'),
(724, '35B', 1, 'A321neo'),
(725, '35C', 1, 'A321neo'),
(726, '35D', 1, 'A321neo'),
(727, '35E', 1, 'A321neo'),
(728, '35F', 1, 'A321neo'),
(729, '36A', 1, 'A321neo'),
(730, '36B', 1, 'A321neo'),
(731, '36C', 1, 'A321neo'),
(732, '36D', 1, 'A321neo'),
(733, '36E', 1, 'A321neo'),
(734, '36F', 1, 'A321neo'),
(735, '37A', 1, 'A321neo'),
(736, '37B', 1, 'A321neo'),
(737, '37C', 1, 'A321neo'),
(738, '37D', 1, 'A321neo'),
(739, '37E', 1, 'A321neo'),
(740, '37F', 1, 'A321neo'),
(741, '38A', 1, 'A321neo'),
(742, '38B', 1, 'A321neo'),
(743, '38C', 1, 'A321neo'),
(744, '38D', 1, 'A321neo'),
(745, '38E', 1, 'A321neo'),
(746, '38F', 1, 'A321neo'),
(747, '39A', 1, 'A321neo'),
(748, '39B', 1, 'A321neo'),
(749, '39C', 1, 'A321neo'),
(750, '39D', 1, 'A321neo'),
(751, '39E', 1, 'A321neo'),
(752, '39F', 1, 'A321neo');

-- --------------------------------------------------------

--
-- Table structure for table `SeatConfiguration`
--

CREATE TABLE `SeatConfiguration` (
  `ConfigurationID` int(11) NOT NULL,
  `SeatCapacity` int(3) NOT NULL
) ENGINE=InnoDB DEFAULT CHARSET=latin1;

--
-- Dumping data for table `SeatConfiguration`
--

INSERT INTO `SeatConfiguration` (`ConfigurationID`, `SeatCapacity`) VALUES
(1, 156),
(2, 180),
(3, 234);

-- --------------------------------------------------------

--
-- Table structure for table `SeatType`
--

CREATE TABLE `SeatType` (
  `SeatTypeID` int(11) NOT NULL,
  `SeatTypeName` varchar(255) NOT NULL,
  `SeatTypeCost` varchar(255) NOT NULL
) ENGINE=InnoDB DEFAULT CHARSET=latin1;

--
-- Dumping data for table `SeatType`
--

INSERT INTO `SeatType` (`SeatTypeID`, `SeatTypeName`, `SeatTypeCost`) VALUES
(1, 'Standard', '3.99'),
(2, 'Up Front', '15.99'),
(3, 'Extra Legroom', '19.49');

-- --------------------------------------------------------

--
-- Table structure for table `SpecialAssistanceType`
--

CREATE TABLE `SpecialAssistanceType` (
  `SpecialAssistanceTypeID` int(11) NOT NULL,
  `SpecialAssistanceName` varchar(255) NOT NULL
) ENGINE=InnoDB DEFAULT CHARSET=latin1;

--
-- Dumping data for table `SpecialAssistanceType`
--

INSERT INTO `SpecialAssistanceType` (`SpecialAssistanceTypeID`, `SpecialAssistanceName`) VALUES
(1, 'Wheelchair User'),
(2, 'Mobility Issues'),
(3, 'Hearing Loss / Deafness'),
(4, 'Visual Impairment / Blindness'),
(5, 'Food Allergy'),
(6, 'Autism / Sensory Processing Disorder ');

-- --------------------------------------------------------

--
-- Table structure for table `Title`
--

CREATE TABLE `Title` (
  `TitleID` int(11) NOT NULL,
  `Title` varchar(255) NOT NULL
) ENGINE=InnoDB DEFAULT CHARSET=latin1;

--
-- Dumping data for table `Title`
--

INSERT INTO `Title` (`TitleID`, `Title`) VALUES
(1, 'Mr'),
(2, 'Miss'),
(3, 'Mrs'),
(4, 'Ms'),
(5, 'Dr'),
(6, 'Rev'),
(7, 'Fr');

--
-- Indexes for dumped tables
--

--
-- Indexes for table `AccountHolder`
--
ALTER TABLE `AccountHolder`
  ADD PRIMARY KEY (`AccountHolderID`),
  ADD KEY `FK_AddressID` (`AddressID`),
  ADD KEY `FK_AccountTitleID` (`TitleID`);

--
-- Indexes for table `Address`
--
ALTER TABLE `Address`
  ADD PRIMARY KEY (`AddressID`);

--
-- Indexes for table `Age`
--
ALTER TABLE `Age`
  ADD PRIMARY KEY (`AgeID`);

--
-- Indexes for table `Aircraft`
--
ALTER TABLE `Aircraft`
  ADD PRIMARY KEY (`AircraftID`),
  ADD KEY `FK_AircraftModel` (`AircraftModel`);

--
-- Indexes for table `AircraftManufacturer`
--
ALTER TABLE `AircraftManufacturer`
  ADD PRIMARY KEY (`ManfacturerID`);

--
-- Indexes for table `AircraftModel`
--
ALTER TABLE `AircraftModel`
  ADD PRIMARY KEY (`AircraftModelID`),
  ADD KEY `FK_AirportManufacturer` (`AircraftManufacturer`),
  ADD KEY `FK_SeatConfiguration` (`SeatConfiguration`);

--
-- Indexes for table `Airport`
--
ALTER TABLE `Airport`
  ADD PRIMARY KEY (`AirportID`),
  ADD KEY `FK_AiportCity` (`AirportCity`),
  ADD KEY `FK_AirportCountry` (`AirportCountry`);

--
-- Indexes for table `Baggage`
--
ALTER TABLE `Baggage`
  ADD PRIMARY KEY (`BaggageID`),
  ADD KEY `FK_BaggageBookingID` (`BookingID`),
  ADD KEY `FK_BaggageTypeID` (`BaggageTypeID`);

--
-- Indexes for table `BaggageType`
--
ALTER TABLE `BaggageType`
  ADD PRIMARY KEY (`BaggageTypeID`);

--
-- Indexes for table `Booking`
--
ALTER TABLE `Booking`
  ADD PRIMARY KEY (`BookingID`),
  ADD KEY `FK_AccountHolderID3` (`AccountHolderID`),
  ADD KEY `FK_CardID` (`CardID`);

--
-- Indexes for table `BookingCostDetails`
--
ALTER TABLE `BookingCostDetails`
  ADD PRIMARY KEY (`BookingCostDetailsID`),
  ADD KEY `FK_BookingDetailsBookingID` (`BookingID`);

--
-- Indexes for table `Card`
--
ALTER TABLE `Card`
  ADD PRIMARY KEY (`CardID`),
  ADD KEY `FK_CardAccountHolderID` (`AccountHolderID`),
  ADD KEY `FK_CardAddressID` (`AddressID`),
  ADD KEY `FK_CardCardTypeID` (`CardTypeID`);

--
-- Indexes for table `CardType`
--
ALTER TABLE `CardType`
  ADD PRIMARY KEY (`CardTypeID`);

--
-- Indexes for table `City`
--
ALTER TABLE `City`
  ADD PRIMARY KEY (`CityID`);

--
-- Indexes for table `Country`
--
ALTER TABLE `Country`
  ADD PRIMARY KEY (`CountryID`);

--
-- Indexes for table `Flight`
--
ALTER TABLE `Flight`
  ADD PRIMARY KEY (`FlightNumber`),
  ADD KEY `FK_RouteID` (`RouteID`),
  ADD KEY `FK_AircraftID` (`AircraftID`);

--
-- Indexes for table `Passenger`
--
ALTER TABLE `Passenger`
  ADD PRIMARY KEY (`PassengerID`),
  ADD KEY `FK_PassengerBookingID` (`BookingID`),
  ADD KEY `FK_FlightNumber` (`FlightNumber`),
  ADD KEY `FK_SeatID` (`SeatID`),
  ADD KEY `FK_AgeID` (`AgeID`),
  ADD KEY `FK_PassengerTitleID` (`TitleID`);

--
-- Indexes for table `PassengerSpecialAssistance`
--
ALTER TABLE `PassengerSpecialAssistance`
  ADD PRIMARY KEY (`PassengerSpecialAssistanceID`),
  ADD KEY `FK_SpecialAssistancePassengerID` (`PassengerID`),
  ADD KEY `FK_SpecialAssistanceTypeID` (`SpecialAssistanceTypeID`);

--
-- Indexes for table `Route`
--
ALTER TABLE `Route`
  ADD PRIMARY KEY (`RouteID`),
  ADD KEY `FK_DepartureAirport` (`DepartureAirport`),
  ADD KEY `FK_ArrivalAirport` (`ArrivalAirport`);

--
-- Indexes for table `RouteCost`
--
ALTER TABLE `RouteCost`
  ADD PRIMARY KEY (`RouteCostID`),
  ADD KEY `FK_FareRouteID` (`RouteID`);

--
-- Indexes for table `Seat`
--
ALTER TABLE `Seat`
  ADD PRIMARY KEY (`SeatID`),
  ADD KEY `FK_AircraftModelSeat` (`AircraftModel`),
  ADD KEY `FK_SeatType` (`SeatType`);

--
-- Indexes for table `SeatConfiguration`
--
ALTER TABLE `SeatConfiguration`
  ADD PRIMARY KEY (`ConfigurationID`);

--
-- Indexes for table `SeatType`
--
ALTER TABLE `SeatType`
  ADD PRIMARY KEY (`SeatTypeID`);

--
-- Indexes for table `SpecialAssistanceType`
--
ALTER TABLE `SpecialAssistanceType`
  ADD PRIMARY KEY (`SpecialAssistanceTypeID`);

--
-- Indexes for table `Title`
--
ALTER TABLE `Title`
  ADD PRIMARY KEY (`TitleID`);

--
-- AUTO_INCREMENT for dumped tables
--

--
-- AUTO_INCREMENT for table `AccountHolder`
--
ALTER TABLE `AccountHolder`
  MODIFY `AccountHolderID` int(11) NOT NULL AUTO_INCREMENT, AUTO_INCREMENT=22;

--
-- AUTO_INCREMENT for table `Address`
--
ALTER TABLE `Address`
  MODIFY `AddressID` int(11) NOT NULL AUTO_INCREMENT, AUTO_INCREMENT=19;

--
-- AUTO_INCREMENT for table `Age`
--
ALTER TABLE `Age`
  MODIFY `AgeID` int(11) NOT NULL AUTO_INCREMENT, AUTO_INCREMENT=6;

--
-- AUTO_INCREMENT for table `Aircraft`
--
ALTER TABLE `Aircraft`
  MODIFY `AircraftID` int(11) NOT NULL AUTO_INCREMENT, AUTO_INCREMENT=26;

--
-- AUTO_INCREMENT for table `AircraftManufacturer`
--
ALTER TABLE `AircraftManufacturer`
  MODIFY `ManfacturerID` int(11) NOT NULL AUTO_INCREMENT, AUTO_INCREMENT=2;

--
-- AUTO_INCREMENT for table `Baggage`
--
ALTER TABLE `Baggage`
  MODIFY `BaggageID` int(11) NOT NULL AUTO_INCREMENT, AUTO_INCREMENT=52;

--
-- AUTO_INCREMENT for table `BaggageType`
--
ALTER TABLE `BaggageType`
  MODIFY `BaggageTypeID` int(11) NOT NULL AUTO_INCREMENT, AUTO_INCREMENT=13;

--
-- AUTO_INCREMENT for table `Booking`
--
ALTER TABLE `Booking`
  MODIFY `BookingID` int(11) NOT NULL AUTO_INCREMENT, AUTO_INCREMENT=11;

--
-- AUTO_INCREMENT for table `BookingCostDetails`
--
ALTER TABLE `BookingCostDetails`
  MODIFY `BookingCostDetailsID` int(11) NOT NULL AUTO_INCREMENT, AUTO_INCREMENT=55;

--
-- AUTO_INCREMENT for table `Card`
--
ALTER TABLE `Card`
  MODIFY `CardID` int(11) NOT NULL AUTO_INCREMENT, AUTO_INCREMENT=7;

--
-- AUTO_INCREMENT for table `CardType`
--
ALTER TABLE `CardType`
  MODIFY `CardTypeID` int(11) NOT NULL AUTO_INCREMENT, AUTO_INCREMENT=5;

--
-- AUTO_INCREMENT for table `City`
--
ALTER TABLE `City`
  MODIFY `CityID` int(11) NOT NULL AUTO_INCREMENT, AUTO_INCREMENT=26;

--
-- AUTO_INCREMENT for table `Country`
--
ALTER TABLE `Country`
  MODIFY `CountryID` int(11) NOT NULL AUTO_INCREMENT, AUTO_INCREMENT=18;

--
-- AUTO_INCREMENT for table `Flight`
--
ALTER TABLE `Flight`
  MODIFY `FlightNumber` int(11) NOT NULL AUTO_INCREMENT, AUTO_INCREMENT=32;

--
-- AUTO_INCREMENT for table `Passenger`
--
ALTER TABLE `Passenger`
  MODIFY `PassengerID` int(11) NOT NULL AUTO_INCREMENT, AUTO_INCREMENT=54;

--
-- AUTO_INCREMENT for table `PassengerSpecialAssistance`
--
ALTER TABLE `PassengerSpecialAssistance`
  MODIFY `PassengerSpecialAssistanceID` int(11) NOT NULL AUTO_INCREMENT, AUTO_INCREMENT=12;

--
-- AUTO_INCREMENT for table `Route`
--
ALTER TABLE `Route`
  MODIFY `RouteID` int(11) NOT NULL AUTO_INCREMENT, AUTO_INCREMENT=26;

--
-- AUTO_INCREMENT for table `RouteCost`
--
ALTER TABLE `RouteCost`
  MODIFY `RouteCostID` int(11) NOT NULL AUTO_INCREMENT, AUTO_INCREMENT=17;

--
-- AUTO_INCREMENT for table `Seat`
--
ALTER TABLE `Seat`
  MODIFY `SeatID` int(11) NOT NULL AUTO_INCREMENT, AUTO_INCREMENT=753;

--
-- AUTO_INCREMENT for table `SeatConfiguration`
--
ALTER TABLE `SeatConfiguration`
  MODIFY `ConfigurationID` int(11) NOT NULL AUTO_INCREMENT, AUTO_INCREMENT=4;

--
-- AUTO_INCREMENT for table `SeatType`
--
ALTER TABLE `SeatType`
  MODIFY `SeatTypeID` int(11) NOT NULL AUTO_INCREMENT, AUTO_INCREMENT=4;

--
-- AUTO_INCREMENT for table `SpecialAssistanceType`
--
ALTER TABLE `SpecialAssistanceType`
  MODIFY `SpecialAssistanceTypeID` int(11) NOT NULL AUTO_INCREMENT, AUTO_INCREMENT=7;

--
-- AUTO_INCREMENT for table `Title`
--
ALTER TABLE `Title`
  MODIFY `TitleID` int(11) NOT NULL AUTO_INCREMENT, AUTO_INCREMENT=8;

--
-- Constraints for dumped tables
--

--
-- Constraints for table `AccountHolder`
--
ALTER TABLE `AccountHolder`
  ADD CONSTRAINT `FK_AccountTitleID` FOREIGN KEY (`TitleID`) REFERENCES `Title` (`TitleID`),
  ADD CONSTRAINT `FK_AddressID` FOREIGN KEY (`AddressID`) REFERENCES `Address` (`AddressID`);

--
-- Constraints for table `Aircraft`
--
ALTER TABLE `Aircraft`
  ADD CONSTRAINT `FK_AircraftModel` FOREIGN KEY (`AircraftModel`) REFERENCES `AircraftModel` (`AircraftModelID`);

--
-- Constraints for table `AircraftModel`
--
ALTER TABLE `AircraftModel`
  ADD CONSTRAINT `FK_AirportManufacturer` FOREIGN KEY (`AircraftManufacturer`) REFERENCES `AircraftManufacturer` (`ManfacturerID`),
  ADD CONSTRAINT `FK_SeatConfiguration` FOREIGN KEY (`SeatConfiguration`) REFERENCES `SeatConfiguration` (`ConfigurationID`);

--
-- Constraints for table `Airport`
--
ALTER TABLE `Airport`
  ADD CONSTRAINT `FK_AiportCity` FOREIGN KEY (`AirportCity`) REFERENCES `City` (`CityID`),
  ADD CONSTRAINT `FK_AirportCountry` FOREIGN KEY (`AirportCountry`) REFERENCES `Country` (`CountryID`);

--
-- Constraints for table `Baggage`
--
ALTER TABLE `Baggage`
  ADD CONSTRAINT `FK_BaggageBookingID` FOREIGN KEY (`BookingID`) REFERENCES `Booking` (`BookingID`),
  ADD CONSTRAINT `FK_BaggageTypeID` FOREIGN KEY (`BaggageTypeID`) REFERENCES `BaggageType` (`BaggageTypeID`);

--
-- Constraints for table `Booking`
--
ALTER TABLE `Booking`
  ADD CONSTRAINT `FK_AccountHolderID3` FOREIGN KEY (`AccountHolderID`) REFERENCES `AccountHolder` (`AccountHolderID`),
  ADD CONSTRAINT `FK_CardID` FOREIGN KEY (`CardID`) REFERENCES `Card` (`CardID`);

--
-- Constraints for table `BookingCostDetails`
--
ALTER TABLE `BookingCostDetails`
  ADD CONSTRAINT `FK_BookingDetailsBookingID` FOREIGN KEY (`BookingID`) REFERENCES `Booking` (`BookingID`);

--
-- Constraints for table `Card`
--
ALTER TABLE `Card`
  ADD CONSTRAINT `FK_CardAccountHolderID` FOREIGN KEY (`AccountHolderID`) REFERENCES `AccountHolder` (`AccountHolderID`),
  ADD CONSTRAINT `FK_CardAddressID` FOREIGN KEY (`AddressID`) REFERENCES `Address` (`AddressID`),
  ADD CONSTRAINT `FK_CardCardTypeID` FOREIGN KEY (`CardTypeID`) REFERENCES `CardType` (`CardTypeID`);

--
-- Constraints for table `Flight`
--
ALTER TABLE `Flight`
  ADD CONSTRAINT `FK_AircraftID` FOREIGN KEY (`AircraftID`) REFERENCES `Aircraft` (`AircraftID`),
  ADD CONSTRAINT `FK_RouteID` FOREIGN KEY (`RouteID`) REFERENCES `Route` (`RouteID`);

--
-- Constraints for table `Passenger`
--
ALTER TABLE `Passenger`
  ADD CONSTRAINT `FK_AgeID` FOREIGN KEY (`AgeID`) REFERENCES `Age` (`AgeID`),
  ADD CONSTRAINT `FK_FlightNumber` FOREIGN KEY (`FlightNumber`) REFERENCES `Flight` (`FlightNumber`),
  ADD CONSTRAINT `FK_PassengerBookingID` FOREIGN KEY (`BookingID`) REFERENCES `Booking` (`BookingID`),
  ADD CONSTRAINT `FK_PassengerTitleID` FOREIGN KEY (`TitleID`) REFERENCES `Title` (`TitleID`),
  ADD CONSTRAINT `FK_SeatID` FOREIGN KEY (`SeatID`) REFERENCES `Seat` (`SeatID`);

--
-- Constraints for table `PassengerSpecialAssistance`
--
ALTER TABLE `PassengerSpecialAssistance`
  ADD CONSTRAINT `FK_SpecialAssistancePassengerID` FOREIGN KEY (`PassengerID`) REFERENCES `Passenger` (`PassengerID`),
  ADD CONSTRAINT `FK_SpecialAssistanceTypeID` FOREIGN KEY (`SpecialAssistanceTypeID`) REFERENCES `SpecialAssistanceType` (`SpecialAssistanceTypeID`);

--
-- Constraints for table `Route`
--
ALTER TABLE `Route`
  ADD CONSTRAINT `FK_ArrivalAirport` FOREIGN KEY (`ArrivalAirport`) REFERENCES `Airport` (`AirportID`),
  ADD CONSTRAINT `FK_DepartureAirport` FOREIGN KEY (`DepartureAirport`) REFERENCES `Airport` (`AirportID`);

--
-- Constraints for table `RouteCost`
--
ALTER TABLE `RouteCost`
  ADD CONSTRAINT `FK_FareRouteID` FOREIGN KEY (`RouteID`) REFERENCES `Route` (`RouteID`);

--
-- Constraints for table `Seat`
--
ALTER TABLE `Seat`
  ADD CONSTRAINT `FK_AircraftModelSeat` FOREIGN KEY (`AircraftModel`) REFERENCES `AircraftModel` (`AircraftModelID`),
  ADD CONSTRAINT `FK_SeatType` FOREIGN KEY (`SeatType`) REFERENCES `SeatType` (`SeatTypeID`);
COMMIT;

/*!40101 SET CHARACTER_SET_CLIENT=@OLD_CHARACTER_SET_CLIENT */;
/*!40101 SET CHARACTER_SET_RESULTS=@OLD_CHARACTER_SET_RESULTS */;
/*!40101 SET COLLATION_CONNECTION=@OLD_COLLATION_CONNECTION */;
